,datetime_utc,o3_dpw,o3_pema,o3_pha,mean_o3,std_o3,rsd_o3
253,2024-12-27 13:00:00+00:00,23.992583333333336,24.4885,23.827566666666662,24.102883333333335,0.3439953274068967,0.014271957535103892
330,2024-12-30 18:00:00+00:00,40.206916666666665,40.636783333333334,40.04423333333333,40.29597777777778,0.3061499416287062,0.007597531031931931
331,2024-12-30 19:00:00+00:00,39.086866666666666,39.6603,39.2636,39.33692222222222,0.2936640225634535,0.007465353311183983
332,2024-12-30 20:00:00+00:00,38.967099999999995,38.57941666666667,37.9759,38.50747222222222,0.49950111342699827,0.012971537330324735
351,2024-12-31 15:00:00+00:00,42.82876666666667,41.780150000000006,42.59663333333334,42.40185,0.5507763962000441,0.012989442588001329
352,2024-12-31 16:00:00+00:00,43.54371666666667,43.143283333333336,44.202133333333336,43.629711111111114,0.5346373668024723,0.012253974486352192
355,2024-12-31 19:00:00+00:00,43.97296666666667,43.836733333333335,43.427816666666665,43.74583888888889,0.2837137301015761,0.006485502102775704
430,2025-01-03 22:00:00+00:00,40.18163333333334,40.89508333333333,39.931733333333334,40.33615,0.4999173490021444,0.012393779500575646
432,2025-01-04 00:00:00+00:00,37.84686666666666,37.63811666666666,37.40801666666667,37.631,0.21951153918036342,0.005833263510944791
433,2025-01-04 01:00:00+00:00,36.67648333333333,36.35155,36.420550000000006,36.48286111111111,0.17119411118289754,0.004692453003110526
435,2025-01-04 03:00:00+00:00,36.51649999999999,36.351099999999995,36.483783333333335,36.4504611111111,0.08759034119336712,0.0024029967940972677
585,2025-01-10 09:00:00+00:00,42.783516666666664,43.03198333333333,42.29115,42.702216666666665,0.3770487693182967,0.00882972357761982
591,2025-01-10 15:00:00+00:00,44.29018333333333,45.2336,44.25943333333333,44.59440555555556,0.5537721047339654,0.012417972564833901
592,2025-01-10 16:00:00+00:00,44.7378,45.787299999999995,45.236149999999995,45.25375,0.5249713158830654,0.011600614664708792
615,2025-01-11 15:00:00+00:00,33.459516666666666,33.42443333333333,32.77771666666667,33.220555555555556,0.38391069430754576,0.011556420050396882
637,2025-01-12 13:00:00+00:00,44.703,45.26958333333334,44.06015,44.67757777777778,0.6051173142304586,0.0135440940249773
662,2025-01-13 14:00:00+00:00,35.80631666666667,35.71638333333333,36.3734,35.96536666666666,0.3562167906548525,0.009904439288950738
663,2025-01-13 15:00:00+00:00,40.208099999999995,40.44748333333334,39.76971666666667,40.14176666666667,0.34371790314798145,0.008562600296149931
664,2025-01-13 16:00:00+00:00,41.05181666666667,41.37448333333334,41.03756666666666,41.15462222222222,0.19053857026665366,0.004629821876089747
665,2025-01-13 17:00:00+00:00,40.691966666666666,40.863733333333336,40.08383333333333,40.54651111111111,0.40979139996037406,0.010106699410891543
667,2025-01-13 19:00:00+00:00,42.8534,41.68295,42.276399999999995,42.270916666666665,0.5852442659551094,0.013845081017999595
668,2025-01-13 20:00:00+00:00,41.67713333333334,41.60953333333334,40.94116666666666,41.40927777777778,0.4068027154030124,0.009823950989585295
669,2025-01-13 21:00:00+00:00,39.124316666666665,39.95381666666666,38.955850000000005,39.344661111111115,0.5342266584443232,0.013578123266474267
728,2025-01-16 08:00:00+00:00,38.31475,38.35093333333334,37.38568333333333,38.01712222222222,0.5471413082593055,0.014391970677346114
735,2025-01-16 15:00:00+00:00,42.514266666666664,42.67775,42.594633333333334,42.595549999999996,0.08174552145395024,0.00191910942466878
736,2025-01-16 16:00:00+00:00,44.658350000000006,44.42131666666667,44.12036666666666,44.400011111111105,0.2696237410898048,0.006072605261630924
737,2025-01-16 17:00:00+00:00,45.43888333333334,45.01603333333333,44.534683333333334,44.99653333333333,0.4524152931765253,0.010054447746564001
759,2025-01-17 15:00:00+00:00,38.5637,38.91005,38.716316666666664,38.730022222222225,0.17358128446009094,0.004481827649468653
761,2025-01-17 17:00:00+00:00,42.3448,41.72988333333333,42.246316666666665,42.107,0.3302839338273117,0.00784391986670415
763,2025-01-17 19:00:00+00:00,43.321083333333334,42.42165,43.23585,42.99286111111112,0.49651563960299444,0.011548792677923787
809,2025-01-19 17:00:00+00:00,38.732200000000006,38.42885,38.109116666666665,38.42338888888889,0.31157756316906493,0.008109059928838437
854,2025-01-21 14:00:00+00:00,38.7737,38.309983333333335,39.20155,38.761744444444446,0.4459035565671767,0.011503701986536524
855,2025-01-21 15:00:00+00:00,41.863566666666664,41.647749999999995,40.80728333333333,41.43953333333333,0.5580763883894185,0.013467245972591838
856,2025-01-21 16:00:00+00:00,43.09696666666667,43.294133333333335,42.225683333333336,42.87226111111111,0.5685646758708696,0.013261830870019494
857,2025-01-21 17:00:00+00:00,43.713,43.54933333333334,43.90895,43.723761111111116,0.18004968167250188,0.004117890984148376
881,2025-01-22 17:00:00+00:00,44.83881666666666,44.23618333333333,44.24495,44.43998333333334,0.3454276110047396,0.007772901452589944
882,2025-01-22 18:00:00+00:00,44.5879,44.74325,45.211283333333334,44.84747777777778,0.32449848584364055,0.007235601686488413
883,2025-01-22 19:00:00+00:00,45.697183333333335,45.06881666666666,45.58998333333333,45.45199444444444,0.33614262900893455,0.007395552893059482
884,2025-01-22 20:00:00+00:00,45.12036666666667,44.8898,44.25703333333333,44.75573333333333,0.44700840533981684,0.00998773502403752
902,2025-01-23 14:00:00+00:00,27.14835,26.707933333333337,26.874183333333335,26.91015555555556,0.22240101314550614,0.008264575531210254
903,2025-01-23 15:00:00+00:00,35.91395,35.713316666666664,36.53476666666666,36.0540111111111,0.42826144089709767,0.011878329974916892
905,2025-01-23 17:00:00+00:00,44.3449,44.76798333333333,44.61836666666667,44.57708333333334,0.21454163219394937,0.004812823454367233
906,2025-01-23 18:00:00+00:00,46.23355,46.6431,46.41095,46.4292,0.2053840244517551,0.004423596022583958
907,2025-01-23 19:00:00+00:00,47.37575,46.879333333333335,46.4727,46.90926111111111,0.45226826058992237,0.009641342666188284
908,2025-01-23 20:00:00+00:00,47.33981666666667,47.687016666666665,46.869166666666665,47.29866666666667,0.41047490483585014,0.008678361014458126
927,2025-01-24 15:00:00+00:00,42.2378,42.051950000000005,41.37683333333334,41.88886111111111,0.4530611322294551,0.010815790169794797
928,2025-01-24 16:00:00+00:00,42.66655,42.36515,42.20835,42.41335,0.2328717243462581,0.005490528910030877
929,2025-01-24 17:00:00+00:00,42.35425,42.866683333333334,42.130783333333326,42.45057222222222,0.3772872650519402,0.008887683847390781
930,2025-01-24 18:00:00+00:00,42.83423333333334,43.0238,43.08256666666667,42.9802,0.12978089655689376,0.0030195507828463747
961,2025-01-26 01:00:00+00:00,40.0916,40.66991666666667,39.84921666666666,40.203577777777774,0.42165316260765917,0.010487951220120632
976,2025-01-26 16:00:00+00:00,46.49446666666667,45.57901666666667,46.24068333333333,46.10472222222222,0.47262696011328553,0.010251161645335365
977,2025-01-26 17:00:00+00:00,48.3704,47.42558333333333,47.764583333333334,47.85352222222222,0.4786462450185633,0.010002320054850414
998,2025-01-27 14:00:00+00:00,42.817483333333335,42.01906666666666,42.53838333333333,42.45831111111111,0.4051863324218682,0.009543157083227297
999,2025-01-27 15:00:00+00:00,45.67443333333333,46.62611666666667,46.4225,46.24101666666667,0.5011261736772937,0.010837265479903168
1000,2025-01-27 16:00:00+00:00,48.08338333333334,47.81541666666667,48.03691666666667,47.978572222222226,0.1431942361244305,0.0029845455896686155
1001,2025-01-27 17:00:00+00:00,48.62433333333333,48.31335,49.03023333333333,48.655972222222225,0.35948740293697146,0.007388351039315701
1002,2025-01-27 18:00:00+00:00,49.74345,49.31216666666667,49.75651666666667,49.60404444444445,0.2528579884338535,0.0050975276565815
1003,2025-01-27 19:00:00+00:00,49.050383333333336,49.35811666666667,49.41596666666667,49.27482222222222,0.19651022049567576,0.003988045245692485
1004,2025-01-27 20:00:00+00:00,47.9004,48.07285,47.26218333333334,47.74514444444444,0.4270519017160052,0.008944404853836322
1005,2025-01-27 21:00:00+00:00,47.125083333333336,47.43766666666667,46.258783333333334,46.940511111111114,0.6107304293342669,0.013010732411682309
1019,2025-01-28 11:00:00+00:00,42.26048333333333,43.22616666666667,42.067483333333335,42.51804444444445,0.6207979230020878,0.014600810811354316
1021,2025-01-28 13:00:00+00:00,44.99908333333334,44.37866666666666,43.830133333333336,44.402627777777774,0.5848432497338589,0.013171365727740915
1022,2025-01-28 14:00:00+00:00,46.02658333333333,45.32411666666667,45.67933333333333,45.676677777777776,0.3512408624091497,0.007689719994916801
1024,2025-01-28 16:00:00+00:00,46.965983333333334,46.47318333333333,45.66061666666667,46.366594444444445,0.6591786002571951,0.014216670604243108
1027,2025-01-28 19:00:00+00:00,49.01745,49.37115000000001,48.2026,48.86373333333333,0.5992486010274355,0.012263667962894817
1038,2025-01-29 06:00:00+00:00,38.15846666666666,38.41243333333333,38.10415,38.22501666666667,0.16456406131892312,0.0043051403418334615
1050,2025-01-29 18:00:00+00:00,46.74466666666667,45.93748333333333,47.06815,46.58343333333334,0.5823220059478372,0.012500624455500356
1051,2025-01-29 19:00:00+00:00,45.89533333333333,45.64895,46.24335,45.92921111111111,0.2986446347590568,0.006502280956591681
1072,2025-01-30 16:00:00+00:00,48.549216666666666,48.021233333333335,47.33626666666667,47.96890555555555,0.6081657445716341,0.012678332714247197
1128,2025-02-02 00:00:00+00:00,44.33603333333333,44.79485,44.134083333333336,44.42165555555556,0.33860230455232593,0.007622460268930226
1141,2025-02-02 13:00:00+00:00,38.69531666666667,38.678466666666665,38.37533333333333,38.583038888888886,0.18007548134458065,0.004667218719167262
1172,2025-02-03 20:00:00+00:00,37.48876666666667,36.82098333333333,37.41341666666666,37.241055555555555,0.3657388542895578,0.009820850908588103
1191,2025-02-04 15:00:00+00:00,44.05506666666667,44.25601666666667,44.05938333333334,44.123488888888886,0.1147927145546031,0.0026016237030501467
1192,2025-02-04 16:00:00+00:00,45.15888333333333,45.64273333333333,45.04774999999999,45.28312222222221,0.3163507039195142,0.006986062099849389
1193,2025-02-04 17:00:00+00:00,44.66438333333333,45.31368333333333,45.17106666666667,45.049711111111115,0.34123745493152924,0.007574686862916775
1195,2025-02-04 19:00:00+00:00,46.9184,47.681333333333335,47.31261666666667,47.304116666666665,0.38153768526553045,0.008065633863413519
1211,2025-02-05 11:00:00+00:00,39.373783333333336,38.60038333333333,38.310633333333335,38.761599999999994,0.5496044858198792,0.014179096988253304
1259,2025-02-07 11:00:00+00:00,22.967233333333336,23.061366666666668,22.88635,22.97165,0.08759188667400201,0.003813042888691148
1263,2025-02-07 15:00:00+00:00,42.271116666666664,42.31973333333334,41.44548333333333,42.01211111111111,0.4913157579209987,0.011694621977495876
1267,2025-02-07 19:00:00+00:00,46.77891666666667,46.3596,45.60678333333333,46.24843333333334,0.5939214246102863,0.012841979323485976
1287,2025-02-08 15:00:00+00:00,45.06818333333333,45.7301,45.48715,45.42847777777778,0.3348361399970877,0.007370622049785681
1289,2025-02-08 17:00:00+00:00,47.47271666666666,47.80068333333334,47.91331666666667,47.72890555555556,0.22890200313024417,0.0047958778954989125
1290,2025-02-08 18:00:00+00:00,49.15408333333333,48.33125,48.6388,48.70804444444445,0.41576407784454683,0.008535840077068998
1291,2025-02-08 19:00:00+00:00,48.93895,48.1125,47.5892,48.21355,0.6805252328165358,0.014114812802967959
1292,2025-02-08 20:00:00+00:00,48.003883333333334,46.891016666666665,46.7349,47.20993333333334,0.6919975110343805,0.014657879437118044
1309,2025-02-09 13:00:00+00:00,37.95583333333333,38.04735,37.49305,37.832077777777776,0.297150972820466,0.007854471397682784
1317,2025-02-09 21:00:00+00:00,40.52511666666667,41.4695,41.26703333333333,41.08721666666667,0.4972076983291535,0.012101274767841097
1333,2025-02-10 13:00:00+00:00,39.01388333333333,38.97193333333333,38.63961666666667,38.875144444444445,0.20504865569835612,0.005274543892470582
1334,2025-02-10 14:00:00+00:00,43.04546666666667,42.51948333333333,42.01195,42.52563333333334,0.5167857795493667,0.012152335874661477
1335,2025-02-10 15:00:00+00:00,43.3591,44.52166666666667,43.61595,43.83223888888889,0.6107175912021089,0.013933068597071385
1337,2025-02-10 17:00:00+00:00,45.089166666666664,46.24626666666666,46.25071666666667,45.86205,0.6693402989760405,0.014594644133352968
1359,2025-02-11 15:00:00+00:00,45.06121666666666,45.3238,46.085233333333335,45.49008333333333,0.5318741802448351,0.011692090699141428
1360,2025-02-11 16:00:00+00:00,46.201116666666664,47.24288333333333,47.1169,46.853633333333335,0.5685960343493254,0.012135580400011498
1362,2025-02-11 18:00:00+00:00,46.0771,46.78945,46.3375,46.40135,0.3604417393976459,0.0077679149291485245
1364,2025-02-11 20:00:00+00:00,,46.71083333333333,46.47023333333333,46.59053333333333,0.17012989155348376,0.003651597854359908
1365,2025-02-11 21:00:00+00:00,44.69142105263158,44.54575,44.784016666666666,44.67372923976608,0.1201145340621283,0.00268870622860849
1367,2025-02-11 23:00:00+00:00,39.70191666666666,39.38656666666667,40.04693333333333,39.71180555555555,0.3302943780988437,0.008317284330896827
1368,2025-02-12 00:00:00+00:00,36.81375,36.62045,36.05276666666667,36.49565555555556,0.3955428528313003,0.010838080500545735
1401,2025-02-13 09:00:00+00:00,39.853433333333335,39.050050000000006,39.01655,39.306677777777786,0.47380037003800124,0.012053940877849171
1414,2025-02-13 22:00:00+00:00,37.84385,37.127316666666665,37.092666666666666,37.35461111111112,0.4240473716767125,0.011351941810219509
1415,2025-02-13 23:00:00+00:00,36.81153333333334,36.7955,35.95995,36.522327777777775,0.4870994155695003,0.013337030939902982
1490,2025-02-17 02:00:00+00:00,36.75015,37.051566666666666,36.30025,36.70065555555556,0.37809583233080774,0.010302154732862083
1528,2025-02-18 16:00:00+00:00,44.14758333333334,44.1729,43.51968333333333,43.94672222222223,0.37004309596366053,0.008420266114330216
1529,2025-02-18 17:00:00+00:00,44.8748,45.004933333333334,43.84008333333334,44.57327222222222,0.6382853054894022,0.014319911320559991
1548,2025-02-19 12:00:00+00:00,38.56365,39.28168333333333,38.7194,38.854911111111115,0.377710752918645,0.009721055643095609
1549,2025-02-19 13:00:00+00:00,42.516783333333336,42.08775,41.40975,42.004761111111115,0.5581631186642817,0.013288091728169266
1550,2025-02-19 14:00:00+00:00,42.197700000000005,42.239783333333335,42.33101666666666,42.25616666666667,0.06815162221921461,0.0016128207453558559
1551,2025-02-19 15:00:00+00:00,42.86043333333334,43.250366666666665,42.68181666666667,42.93087222222223,0.29074645900840135,0.006772433075745962
1553,2025-02-19 17:00:00+00:00,43.75358333333334,44.584966666666666,44.22533333333333,44.187961111111115,0.4169497259640292,0.009435821782218114
1554,2025-02-19 18:00:00+00:00,44.3068,45.25363333333333,44.851866666666666,44.804100000000005,0.4752205604886111,0.010606631100470963
1555,2025-02-19 19:00:00+00:00,44.144816666666664,45.337716666666665,44.90073333333333,44.79442222222222,0.6035139946672818,0.013472971962296737
1580,2025-02-20 20:00:00+00:00,34.812149999999995,35.6849,35.57171666666667,35.356255555555556,0.47459536283652004,0.013423236012387813
1603,2025-02-21 19:00:00+00:00,45.74608333333333,46.86528333333333,45.918866666666666,46.176744444444445,0.6025179426404684,0.013048081883844407
1604,2025-02-21 20:00:00+00:00,46.5453,47.02618333333333,45.70376666666667,46.42508333333333,0.6693545363092526,0.014417950130606535
1619,2025-02-22 11:00:00+00:00,38.45335,38.385933333333334,37.7258,38.18836111111111,0.4020053953249518,0.010526908817985021
1620,2025-02-22 12:00:00+00:00,40.69005,40.037866666666666,40.44611666666666,40.391344444444435,0.3295235535053823,0.008158271482114681
1621,2025-02-22 13:00:00+00:00,42.259933333333336,41.424216666666666,42.12028333333333,41.93481111111111,0.44766677970131896,0.010675302161613994
1623,2025-02-22 15:00:00+00:00,44.90318333333333,45.34631666666667,45.52495,45.25815,0.32012258242394864,0.007073258240205325
1624,2025-02-22 16:00:00+00:00,46.07033333333334,46.24055,46.59981666666667,46.303566666666676,0.27030811174986513,0.0058377384553500574
1625,2025-02-22 17:00:00+00:00,48.21206666666667,47.611149999999995,48.4363,48.08650555555556,0.42666418304399145,0.008872846510983325
1626,2025-02-22 18:00:00+00:00,49.144283333333334,48.579166666666666,49.01501666666666,48.91282222222222,0.2960945627541857,0.0060535162213490755
1627,2025-02-22 19:00:00+00:00,49.35,48.90388333333333,49.53038333333333,49.26142222222222,0.32250593721207244,0.00654682554143935
1628,2025-02-22 20:00:00+00:00,49.709050000000005,49.55535,49.91806666666666,49.72748888888888,0.18205998884169022,0.0036611538790644574
1629,2025-02-22 21:00:00+00:00,49.31955000000001,48.46275,48.986666666666665,48.92298888888889,0.4319348382997598,0.008828872644734476
1642,2025-02-23 10:00:00+00:00,31.218466666666664,31.53355,31.602,31.451338888888888,0.20455672694154492,0.00650391157159324
1645,2025-02-23 13:00:00+00:00,38.83841666666667,38.3535,38.738033333333334,38.643316666666664,0.25595796258587505,0.006623602337080497
1646,2025-02-23 14:00:00+00:00,44.49718333333333,43.501216666666664,43.6186,43.87233333333334,0.544309520044534,0.012406669048326598
1647,2025-02-23 15:00:00+00:00,46.27035,45.120866666666664,45.426633333333335,45.60595,0.5953518569813251,0.013054258424203971
1648,2025-02-23 16:00:00+00:00,47.091750000000005,47.497033333333334,47.27635,47.28837777777778,0.20290920542978683,0.004290889537029961
1649,2025-02-23 17:00:00+00:00,49.21875,48.99796666666667,49.600516666666664,49.272411111111104,0.30483809105696974,0.006186790623449472
1650,2025-02-23 18:00:00+00:00,50.52838333333333,49.91506666666667,51.058083333333336,50.50051111111111,0.572017849938399,0.01132697149697845
1651,2025-02-23 19:00:00+00:00,51.317483333333335,51.23938333333333,51.93733333333333,51.49806666666666,0.38241509624141623,0.007425814617793088
1652,2025-02-23 20:00:00+00:00,51.76285,51.4829,52.17136666666667,51.80570555555556,0.34622830149954614,0.006683207916708262
1653,2025-02-23 21:00:00+00:00,50.8305,50.7865,50.71831666666667,50.77843888888888,0.056524430149305555,0.001113158092019918
1673,2025-02-24 17:00:00+00:00,50.12546666666666,49.221016666666664,49.72633333333333,49.69093888888889,0.4532626453262466,0.009121635764213707
1675,2025-02-24 19:00:00+00:00,51.0443,49.98043333333333,50.29976666666666,50.4415,0.5459114620929352,0.010822665108946704
1679,2025-02-24 23:00:00+00:00,47.86861666666667,48.19413333333333,48.9491,48.337283333333325,0.5542833213057904,0.011466993655465892
1680,2025-02-25 00:00:00+00:00,46.82941666666667,47.4108,46.79931666666666,47.01317777777778,0.34467967187477894,0.007331554431483302
1681,2025-02-25 01:00:00+00:00,46.142466666666664,46.19441666666667,45.15165,45.82951111111111,0.5876193198769037,0.012821854425901539
1713,2025-02-26 09:00:00+00:00,39.29488333333334,38.5321,38.30335,38.71011111111111,0.5191825830447697,0.013412066463837836
1717,2025-02-26 13:00:00+00:00,41.33658333333334,41.48726666666666,41.745916666666666,41.52325555555555,0.20702619287673807,0.004985789050180562
1718,2025-02-26 14:00:00+00:00,43.36281666666666,44.28185,44.18293333333334,43.94253333333334,0.5044796199495565,0.01148044005844504
1722,2025-02-26 18:00:00+00:00,48.593,48.081783333333334,49.45923333333334,48.71133888888889,0.6963082615426839,0.014294582687020179
1724,2025-02-26 20:00:00+00:00,48.61545,48.86188333333334,49.76685,49.08139444444445,0.6062749672598418,0.012352439740604525
1725,2025-02-26 21:00:00+00:00,49.26345,49.506,49.688116666666666,49.48585555555556,0.2130488052675396,0.004305246476508004
1747,2025-02-27 19:00:00+00:00,48.63185,48.28126666666667,48.8314,48.58150555555556,0.27850061656291947,0.005732646886466684
1748,2025-02-27 20:00:00+00:00,47.00828333333333,47.43143333333333,46.62315,47.02095555555556,0.40429064501685685,0.008598095045924467
1749,2025-02-27 21:00:00+00:00,46.012116666666664,47.25466666666667,46.79378333333333,46.68685555555555,0.6281383508992069,0.013454286938467007
1751,2025-02-27 23:00:00+00:00,43.526399999999995,42.9424,43.83553333333334,43.434777777777775,0.4535611992680626,0.010442351094521194
1752,2025-02-28 00:00:00+00:00,42.53751666666667,42.92518333333333,43.325,42.929233333333336,0.39375728811597227,0.009172241326989431
1753,2025-02-28 01:00:00+00:00,40.02011666666667,39.915216666666666,40.3375,40.09094444444444,0.21987094847087296,0.005484304536041963
1754,2025-02-28 02:00:00+00:00,36.40838333333333,36.99438333333333,37.287166666666664,36.89664444444444,0.44747033928187463,0.012127670307678903
1765,2025-02-28 13:00:00+00:00,41.907783333333334,41.98656666666667,41.288133333333334,41.727494444444446,0.382531492651743,0.009167372681842699
1768,2025-02-28 16:00:00+00:00,48.64551666666667,47.3762,47.71906666666667,47.91359444444444,0.6566368801056031,0.013704604877160072
1771,2025-02-28 19:00:00+00:00,49.0547,49.11628333333333,49.89096666666667,49.35398333333333,0.466059493996688,0.009443199160824669
1772,2025-02-28 20:00:00+00:00,50.513333333333335,49.791900000000005,50.05031666666666,50.118516666666665,0.3655201001465044,0.0072931148896034316
1773,2025-02-28 21:00:00+00:00,50.335166666666666,49.87493333333334,49.25265,49.820916666666676,0.5432761117618825,0.010904578801645541
1793,2025-03-01 17:00:00+00:00,45.466033333333336,44.360033333333334,44.9166,44.914222222222214,0.5530038339563039,0.012312443733751092
1794,2025-03-01 18:00:00+00:00,44.05958333333333,42.95375,43.38216666666666,43.465166666666654,0.5575693591633025,0.012827958614291967
1797,2025-03-01 21:00:00+00:00,44.81389795918367,43.69873333333333,43.698366666666665,44.07033265306122,0.6439464705725462,0.014611790558558813
1817,2025-03-02 17:00:00+00:00,47.7599,46.60616666666667,46.54293333333333,46.96966666666666,0.6850920773475979,0.014585840734394496
1818,2025-03-02 18:00:00+00:00,48.712383333333335,47.808,47.410666666666664,47.977016666666664,0.667114341981778,0.013904873381701405
1836,2025-03-03 12:00:00+00:00,36.2124,36.81231666666667,36.81293333333333,36.612550000000006,0.34654020249379974,0.009465066008617256
1843,2025-03-03 19:00:00+00:00,48.90365,49.298199999999994,49.54203333333333,49.2479611111111,0.3221432593381954,0.006541250684701237
1863,2025-03-04 15:00:00+00:00,44.989916666666666,44.01988333333334,44.177816666666665,44.39587222222223,0.5204827911909514,0.011723675313454597
1864,2025-03-04 16:00:00+00:00,46.859566666666666,45.86886666666667,46.1749,46.30111111111111,0.5072657645908349,0.010955801111846403
1865,2025-03-04 17:00:00+00:00,48.69371666666667,48.05641666666667,49.256483333333335,48.66887222222223,0.6004189669938189,0.012336816934082713
1868,2025-03-04 20:00:00+00:00,50.99081666666667,50.81411666666666,51.39458333333334,51.06650555555556,0.2975432635831395,0.00582658359615855
1869,2025-03-04 21:00:00+00:00,50.55381666666666,50.95916666666667,50.37093333333333,50.62797222222222,0.3010463393332109,0.005946245249796359
1870,2025-03-04 22:00:00+00:00,49.917116666666665,48.91851666666666,48.53461666666667,49.123416666666664,0.7136627845138043,0.014527954953875785
1877,2025-03-05 05:00:00+00:00,49.25358333333334,49.249233333333336,49.876916666666666,49.45991111111112,0.36114395419021805,0.007301750975227439
1885,2025-03-05 13:00:00+00:00,43.72238333333333,42.47211666666667,43.10381666666667,43.09943888888889,0.6251448297379935,0.014504709245742799
1941,2025-03-07 21:00:00+00:00,52.5202,51.7578,51.420116666666665,51.89937222222222,0.563540464960725,0.010858329124825691
1952,2025-03-08 08:00:00+00:00,48.711283333333334,47.63321666666666,47.631049999999995,47.99185,0.6230484848263805,0.012982381067334986
1953,2025-03-08 09:00:00+00:00,46.53805,46.306583333333336,45.26271666666666,46.035783333333335,0.6794249463905346,0.014758626815818302
1957,2025-03-08 13:00:00+00:00,45.2273,44.8901,44.78725,44.96821666666667,0.23019048814695503,0.0051189596833086555
1958,2025-03-08 14:00:00+00:00,48.32071666666666,48.214283333333334,48.36898333333333,48.30132777777777,0.07915155879235128,0.001638703580914124
1959,2025-03-08 15:00:00+00:00,50.10525,48.98835,49.150933333333334,49.41484444444444,0.603409652247895,0.012211100915764078
1960,2025-03-08 16:00:00+00:00,51.33081666666667,49.90240000000001,50.4058,50.5463388888889,0.724504608591532,0.014333473492197725
1961,2025-03-08 17:00:00+00:00,52.20785,51.372033333333334,51.6363,51.738727777777775,0.4272188693337583,0.008257235685591257
1962,2025-03-08 18:00:00+00:00,52.954883333333335,51.71888333333333,51.98875,52.22083888888889,0.6498637851575213,0.01244452978896503
1963,2025-03-08 19:00:00+00:00,51.69075,50.96028333333334,51.09908333333333,51.250038888888895,0.3879253440967635,0.007569269263147163
1964,2025-03-08 20:00:00+00:00,52.723933333333335,51.579033333333335,51.2867,51.86322222222222,0.7595935801710254,0.014646093081458342
1980,2025-03-09 12:00:00+00:00,43.451966666666664,42.75168333333333,43.649483333333336,43.284377777777785,0.4717793305765528,0.010899528994009578
1982,2025-03-09 14:00:00+00:00,48.4048,47.13785,47.49381666666667,47.67882222222223,0.6534224263941479,0.01370466794143249
1983,2025-03-09 15:00:00+00:00,48.617066666666666,47.4172,47.9032,47.97915555555556,0.6035287393813641,0.012578977941421498
1986,2025-03-09 18:00:00+00:00,51.37435,50.4831,51.324349999999995,51.0606,0.5007541188048268,0.009807055122831044
1988,2025-03-09 20:00:00+00:00,50.29176666666667,49.30975,49.69475,49.76542222222222,0.49480815034531134,0.009942810253589288
1989,2025-03-09 21:00:00+00:00,50.60335,49.79158333333333,49.729866666666666,50.041599999999995,0.48746746928498924,0.009741244670134234
2004,2025-03-10 12:00:00+00:00,40.0648,40.30785,41.1079,40.493516666666665,0.5457732916086442,0.013478041339341423
2038,2025-03-11 22:00:00+00:00,51.977583333333335,51.84765,52.04905,51.95809444444444,0.10210461592206574,0.0019651339606235915
2039,2025-03-11 23:00:00+00:00,49.84531666666667,50.2659,48.93236666666667,49.68119444444445,0.6817476554034856,0.01372244896740242
2061,2025-03-12 21:00:00+00:00,54.375350000000005,53.031283333333334,53.02676666666667,53.4778,0.777304381786471,0.01453508524633532
2078,2025-03-13 14:00:00+00:00,47.984516666666664,48.3316,47.38163333333333,47.899249999999995,0.48068905778868976,0.010035419297560813
2079,2025-03-13 15:00:00+00:00,50.54091666666667,49.5699,49.88705,49.999288888888884,0.495142926709422,0.009902999376846244
2080,2025-03-13 16:00:00+00:00,50.3884,50.43456666666667,50.73813333333333,50.52036666666667,0.18999889765761963,0.003760837661991493
2082,2025-03-13 18:00:00+00:00,49.89788333333333,49.58255,50.736916666666666,50.07245,0.5966537866393808,0.01191580972449682
2084,2025-03-13 20:00:00+00:00,50.027566666666665,49.43683333333333,50.66838333333333,50.044261111111105,0.6159447044836741,0.012307998775646197
2158,2025-03-16 22:00:00+00:00,41.47646666666667,42.08043333333333,42.377066666666664,41.97798888888889,0.45895668439205334,0.010933269947897246
2161,2025-03-17 01:00:00+00:00,43.72678333333333,43.33953333333333,43.96568333333333,43.67733333333333,0.31599039937947615,0.007234654116081786
2162,2025-03-17 02:00:00+00:00,43.118183333333334,43.842650000000006,44.1848,43.71521111111111,0.544608374158629,0.012458097772292483
2163,2025-03-17 03:00:00+00:00,44.158833333333334,43.81336666666667,43.61996666666666,43.86405555555555,0.272985977119164,0.006223455028535073
2166,2025-03-17 06:00:00+00:00,45.113216666666666,44.5455,43.93541666666667,44.53137777777778,0.5890269839917089,0.013227234668801276
2168,2025-03-17 08:00:00+00:00,45.52501666666667,45.01851666666666,44.78168333333333,45.10840555555556,0.3797316425719263,0.00841820139495395
2198,2025-03-18 14:00:00+00:00,40.01745,41.06315,40.54591666666667,40.54217222222223,0.5228600559883592,0.012896695646262533
2199,2025-03-18 15:00:00+00:00,42.45071666666667,42.91355,42.56773333333333,42.644000000000005,0.2406576966241552,0.005643412827693349
2201,2025-03-18 17:00:00+00:00,44.061400000000006,44.20595,45.07756666666667,44.44830555555556,0.5497279646266794,0.012367804751062538
2202,2025-03-18 18:00:00+00:00,46.7721,46.17783333333333,46.23695,46.395627777777776,0.3273716475936012,0.0070560883271505856
2203,2025-03-18 19:00:00+00:00,47.386716666666665,47.206,46.69388333333333,47.09553333333333,0.35938373680201235,0.007630951628859617
2274,2025-03-21 18:00:00+00:00,45.082316666666664,44.897000000000006,43.876549999999995,44.61862222222222,0.6492988171724061,0.014552193340677025
2301,2025-03-22 21:00:00+00:00,55.68215,55.807066666666664,56.7894,56.09287222222222,0.6064356951192896,0.010811279064419864
2302,2025-03-22 22:00:00+00:00,54.349183333333336,53.54721666666667,53.79653333333333,53.89764444444444,0.4104329740697059,0.007615044744539142
2304,2025-03-23 00:00:00+00:00,46.24805,46.812083333333334,46.43776666666667,46.499300000000005,0.28700725358623136,0.00617229191807686
2321,2025-03-23 17:00:00+00:00,49.30201666666667,48.3109,48.08508333333334,48.566,0.6473319797016394,0.013328912813524675
2322,2025-03-23 18:00:00+00:00,50.24888333333333,49.22561666666666,49.334783333333334,49.603094444444444,0.5619268698300859,0.011328464002572359
2323,2025-03-23 19:00:00+00:00,51.60346666666667,50.47575,50.98905,51.022755555555555,0.5646133796022981,0.011065913109838317
2324,2025-03-23 20:00:00+00:00,51.991016666666674,51.1329,51.1765,51.43347222222223,0.4833395241940732,0.009397373020156368
2325,2025-03-23 21:00:00+00:00,50.9923,49.85475,49.678700000000006,50.175250000000005,0.7130402706018757,0.014210995871507877
2367,2025-03-25 15:00:00+00:00,48.32905,47.37275,48.723733333333335,48.141844444444445,0.6946750547984706,0.014429755710754366
2373,2025-03-25 21:00:00+00:00,53.0151,53.15273333333334,53.79266666666667,53.320166666666665,0.41494327457028696,0.007782107606008114
2374,2025-03-25 22:00:00+00:00,53.48758333333333,52.14378333333333,52.921866666666666,52.85107777777778,0.6746909737743597,0.012765888646797778
2375,2025-03-25 23:00:00+00:00,50.3797,50.97128333333333,50.8189,50.72329444444444,0.3071612390248141,0.006055624785200767
2385,2025-03-26 09:00:00+00:00,27.307716666666668,26.933666666666667,27.598383333333334,27.279922222222222,0.3332288404274047,0.01221516827331555
2395,2025-03-26 19:00:00+00:00,49.2496,49.735,49.53276666666667,49.505788888888894,0.24382194398857954,0.004925119858928318
2396,2025-03-26 20:00:00+00:00,50.9193,51.113566666666664,52.167766666666665,51.400211111111105,0.6717819829324039,0.01306963470403307
2397,2025-03-26 21:00:00+00:00,51.508783333333334,50.718583333333335,50.16758333333333,50.798316666666665,0.6741456914742789,0.013271024232908222
2414,2025-03-27 14:00:00+00:00,43.33586666666667,43.26198333333333,42.821616666666664,43.13982222222222,0.27803914908862576,0.006445069422316766
2415,2025-03-27 15:00:00+00:00,44.68438333333334,44.322433333333336,44.09513333333334,44.367316666666675,0.2971780204411714,0.006698129225931807
2416,2025-03-27 16:00:00+00:00,45.64535,44.897483333333334,45.37263333333333,45.30515555555556,0.3784720275636605,0.008353840151802553
2417,2025-03-27 17:00:00+00:00,45.37063333333333,45.95065,45.59661666666667,45.6393,0.2923546367190244,0.00640576513485142
2418,2025-03-27 18:00:00+00:00,46.3397,46.6354,47.08796666666667,46.687688888888886,0.37686383089524117,0.008072017267595575
2419,2025-03-27 19:00:00+00:00,46.29881666666667,46.661633333333334,45.55801666666666,46.172822222222216,0.5624930104092529,0.012182339812413163
2420,2025-03-27 20:00:00+00:00,47.493583333333326,47.10321666666667,47.751549999999995,47.44944999999999,0.3264120725572334,0.006879153974539926
2421,2025-03-27 21:00:00+00:00,48.07735,47.513850000000005,47.196283333333334,47.59582777777778,0.446217306718168,0.009375134913117414
2435,2025-03-28 11:00:00+00:00,39.8167,39.19363333333333,40.001666666666665,39.67066666666667,0.423348281888303,0.010671569637220692
2436,2025-03-28 12:00:00+00:00,42.235866666666666,42.51798333333333,42.29728333333333,42.35037777777777,0.14836346728870287,0.0035032383434027508
2437,2025-03-28 13:00:00+00:00,47.84643333333334,47.68643333333333,48.0875,47.87345555555556,0.20189420038264527,0.004217247283274835
2447,2025-03-28 23:00:00+00:00,51.21661666666667,50.3143,50.8766,50.80250555555556,0.45569872916133763,0.00897000500620986
2450,2025-03-29 02:00:00+00:00,47.91703333333333,48.39485,47.817249999999994,48.04304444444444,0.30873052990041944,0.006426123353973254
2452,2025-03-29 04:00:00+00:00,47.34865,47.117650000000005,46.31576666666667,46.92735555555556,0.5420986780644819,0.01155186930196208
2510,2025-03-31 14:00:00+00:00,35.356,34.96188333333334,35.632333333333335,35.31673888888889,0.33694491650603303,0.009540657691133547
2511,2025-03-31 15:00:00+00:00,35.019933333333334,34.84258333333333,35.52921666666667,35.13057777777778,0.3564379026225019,0.010146087117530145
2512,2025-03-31 16:00:00+00:00,35.9819,35.243066666666664,36.18123333333333,35.80206666666666,0.49426126132284104,0.013805383525052775
2513,2025-03-31 17:00:00+00:00,35.62068333333333,35.215900000000005,35.36193333333333,35.39950555555556,0.20499058673057893,0.00579077542224055
2514,2025-03-31 18:00:00+00:00,35.438599999999994,35.41011666666667,35.69915,35.51595555555556,0.15928897772892797,0.004484997664775243
2515,2025-03-31 19:00:00+00:00,36.82025,35.9706,36.55348333333333,36.44811111111111,0.43451554579443846,0.011921483241472493
2519,2025-03-31 23:00:00+00:00,33.666983333333334,33.673766666666666,33.24138333333333,33.52737777777778,0.24770167559504536,0.007388042012615256
2520,2025-04-01 00:00:00+00:00,34.03208333333333,33.7668,33.45973333333333,33.75287222222222,0.28642908000126394,0.008486065366984819
2536,2025-04-01 16:00:00+00:00,44.69228333333333,45.33990000000001,44.765033333333335,44.932405555555555,0.3547702528606627,0.007895643433156853
2537,2025-04-01 17:00:00+00:00,45.70186666666667,45.879083333333334,46.39478333333333,45.99191111111111,0.35997355085452165,0.007826888297484909
2538,2025-04-01 18:00:00+00:00,47.36903333333333,47.50115,48.3203,47.73016111111111,0.5153267260069484,0.010796668479859488
2539,2025-04-01 19:00:00+00:00,49.17726666666667,48.842483333333334,49.9073,49.30901666666667,0.5444971811476869,0.01104254795484031
2540,2025-04-01 20:00:00+00:00,50.804883333333336,50.978716666666664,51.440733333333334,51.074777777777776,0.3286291350837988,0.006434274398875265
2541,2025-04-01 21:00:00+00:00,51.62483333333333,51.49925,51.11775,51.41394444444444,0.26408550716120616,0.00513645685066169
2542,2025-04-01 22:00:00+00:00,50.71661666666667,51.387116666666664,50.13771666666666,50.74715,0.6252593888406108,0.012321073968500908
2555,2025-04-02 11:00:00+00:00,42.92965,42.00716666666666,42.4285,42.455105555555555,0.46181681082357967,0.010877768522310214
2557,2025-04-02 13:00:00+00:00,45.64216666666667,45.692249999999994,46.6734,46.002605555555554,0.5814645088847594,0.012639816850863966
2559,2025-04-02 15:00:00+00:00,49.7711,48.85045,48.34503333333334,48.98886111111111,0.723038561353194,0.014759244141505513
2560,2025-04-02 16:00:00+00:00,49.55266666666667,50.35961666666666,49.9531,49.95512777777778,0.40347882167101956,0.008076824935087134
2562,2025-04-02 18:00:00+00:00,53.82983333333333,53.78145,54.616616666666665,54.075966666666666,0.4688411816501518,0.008670047167906725
2563,2025-04-02 19:00:00+00:00,53.78653333333333,53.350966666666665,53.89986666666667,53.67912222222222,0.28978554586554744,0.00539847772968205
2564,2025-04-02 20:00:00+00:00,52.302816666666665,52.60648333333334,51.56973333333334,52.15967777777778,0.5329908036347881,0.010218445096719226
2583,2025-04-03 15:00:00+00:00,38.805883333333334,38.418866666666666,38.600766666666665,38.60850555555555,0.1936243602193964,0.005015070058611345
2586,2025-04-03 18:00:00+00:00,35.277233333333335,35.406283333333334,34.46266666666667,35.04872777777778,0.5116289623277702,0.014597647183421087
2587,2025-04-03 19:00:00+00:00,33.46028333333333,33.50465,33.11598333333333,33.360305555555556,0.2127489400243419,0.006377307895757939
2589,2025-04-03 21:00:00+00:00,32.75225,32.98022033898305,33.19676666666667,32.97641233521657,0.22228279826749187,0.0067406604456516
2590,2025-04-03 22:00:00+00:00,30.630550000000003,30.17045,30.34985,30.38361666666667,0.23190114991809405,0.007632440616344029
2603,2025-04-04 11:00:00+00:00,35.80583333333333,35.78853333333333,36.65675,36.08370555555556,0.49634642537393486,0.01375541723700591
2606,2025-04-04 14:00:00+00:00,43.34948333333333,43.69025,44.54013333333333,43.85995555555555,0.6131980408602211,0.013980817652300378
2614,2025-04-04 22:00:00+00:00,50.9776,51.7084,51.39355,51.35985,0.3665636745505453,0.007137164040598741
2618,2025-04-05 02:00:00+00:00,43.373083333333334,43.676399999999994,43.69845,43.58264444444444,0.18181981490638496,0.004171839896914788
2624,2025-04-05 08:00:00+00:00,41.63098333333333,41.937916666666666,42.5079,42.0256,0.4449853764763261,0.010588436012247918
2626,2025-04-05 10:00:00+00:00,42.74011666666667,43.63753333333333,43.314566666666664,43.23073888888889,0.4545431669799292,0.01051435109976238
2704,2025-04-08 16:00:00+00:00,44.595283333333334,43.78,43.668933333333335,44.01473888888889,0.5058239220248409,0.011492148648245906
2726,2025-04-09 14:00:00+00:00,46.197300000000006,45.739533333333334,45.43391666666666,45.79024999999999,0.38421044182988473,0.008390660497155722
2727,2025-04-09 15:00:00+00:00,47.4628,47.32053333333333,46.96001666666667,47.24778333333333,0.25916634029990104,0.005485259244258748
2728,2025-04-09 16:00:00+00:00,48.30296666666666,48.48385,49.09556666666666,48.6274611111111,0.4153574405568365,0.00854162300613983
2729,2025-04-09 17:00:00+00:00,49.40798333333333,49.42686666666667,50.357883333333334,49.730911111111105,0.5430559553564897,0.010919887515094363
2731,2025-04-09 19:00:00+00:00,50.51005,50.96235,51.8766,51.11633333333333,0.6961665575373008,0.013619258505838986
2732,2025-04-09 20:00:00+00:00,51.28901666666666,51.77813333333334,52.790616666666665,51.95258888888889,0.7658503089038677,0.014741330995877672
2733,2025-04-09 21:00:00+00:00,52.87661666666667,51.885,52.45686666666666,52.40616111111111,0.4977491269966514,0.00949791239128025
2737,2025-04-10 01:00:00+00:00,47.1309,47.24143333333333,46.74916666666666,47.0405,0.25828421898710596,0.005490677586061074
2749,2025-04-10 13:00:00+00:00,46.23546666666667,46.202733333333335,46.29691666666667,46.24503888888889,0.04781574686385398,0.0010339648968344251
2750,2025-04-10 14:00:00+00:00,49.010083333333334,48.69043333333333,48.77076666666667,48.82376111111111,0.1662839107715533,0.0034057988771723506
2753,2025-04-10 17:00:00+00:00,56.390233333333335,55.271433333333334,55.35415,55.67193888888889,0.6234345943448497,0.01119836324704107
2754,2025-04-10 18:00:00+00:00,56.42125,55.70498333333333,55.6769,55.934377777777776,0.4218774573042288,0.007542364357395908
2755,2025-04-10 19:00:00+00:00,56.548883333333336,55.10886666666667,55.92581666666667,55.8611888888889,0.7221804222732804,0.012928124815061465
2763,2025-04-11 03:00:00+00:00,53.25716666666666,53.0971,,53.17713333333333,0.11318422544192586,0.002128437889504998
2836,2025-04-14 04:00:00+00:00,33.16765,32.924483333333335,33.32281666666667,33.13831666666667,0.20078021427532264,0.006058853752136554
2841,2025-04-14 09:00:00+00:00,41.78563333333333,42.26776666666667,41.41715,41.82351666666667,0.42657184460664005,0.010199329913034733
2842,2025-04-14 10:00:00+00:00,41.69051666666667,41.24805,40.77296666666667,41.23717777777778,0.45887161007959115,0.011127619172980153
2843,2025-04-14 11:00:00+00:00,43.8378,42.88048333333334,43.4907,43.40299444444445,0.4846472928077944,0.011166217884531902
2844,2025-04-14 12:00:00+00:00,45.033183333333334,44.3663,45.24285,44.88077777777778,0.4577177794756785,0.010198526009108344
2855,2025-04-14 23:00:00+00:00,55.824083333333334,56.54678333333333,57.09523333333333,56.4887,0.6375624172058233,0.01128654787959049
2856,2025-04-15 00:00:00+00:00,54.88416666666667,55.09316666666667,55.25416666666667,55.07716666666667,0.18551819317791848,0.003368332185653192
2857,2025-04-15 01:00:00+00:00,50.38175,51.4519,50.5122,50.78195,0.5838484841977435,0.011497165512504806
2859,2025-04-15 03:00:00+00:00,53.714216666666665,52.76593333333334,53.75573333333333,53.41196111111111,0.5598614343283035,0.01048194866246612
2860,2025-04-15 04:00:00+00:00,52.17491666666667,52.36336666666667,52.46456666666666,52.33428333333333,0.14699884636735325,0.002808844164943883
2895,2025-04-16 15:00:00+00:00,46.21018333333333,45.17491666666667,44.98263333333333,45.45591111111111,0.6602561313471321,0.014525198488117888
2896,2025-04-16 16:00:00+00:00,45.67806666666667,46.08873333333334,45.66296666666666,45.809922222222234,0.24157551461035978,0.005273432105788915
2897,2025-04-16 17:00:00+00:00,47.33868333333333,46.802533333333336,46.97873333333334,47.03998333333334,0.273272533380136,0.005809367138667552
2898,2025-04-16 18:00:00+00:00,48.28006666666667,47.14155,48.2173,47.879638888888884,0.6399736865973766,0.013366301447730659
2899,2025-04-16 19:00:00+00:00,48.61335,47.484766666666665,47.982,48.02670555555556,0.5656182679975882,0.011777161507430516
2900,2025-04-16 20:00:00+00:00,48.72275,47.398066666666665,47.861266666666666,47.994027777777774,0.6722466942056092,0.014006882217059376
2901,2025-04-16 21:00:00+00:00,48.10481666666667,47.52161666666667,46.99805,47.541494444444446,0.5536510256001982,0.01164563781744762
2917,2025-04-17 13:00:00+00:00,46.73985,46.28875,45.902166666666666,46.31025555555556,0.4192555407217952,0.009053189961753508
2918,2025-04-17 14:00:00+00:00,47.95368333333333,47.616933333333336,48.620266666666666,48.063627777777775,0.510622443780717,0.010623884783345533
2925,2025-04-17 21:00:00+00:00,55.96566666666667,55.85746666666667,57.22408333333333,56.349072222222226,0.7597105655615982,0.013482219592996125
2926,2025-04-17 22:00:00+00:00,55.39543333333334,55.332483333333336,55.018800000000006,55.24890555555556,0.2017476162142876,0.0036516128995789827
2949,2025-04-18 21:00:00+00:00,60.498349999999995,59.496383333333334,61.088150000000006,60.360961111111116,0.804727941835235,0.013331927242740712
2950,2025-04-18 22:00:00+00:00,60.583816666666664,59.05103333333333,59.36613333333333,59.66699444444444,0.8094715824971073,0.013566488307883534
2951,2025-04-18 23:00:00+00:00,58.67951666666667,57.91556666666667,58.257783333333336,58.28428888888889,0.38266409418899233,0.0065654759024081025
2952,2025-04-19 00:00:00+00:00,57.53168333333333,58.04255,57.52928333333333,57.70117222222222,0.29564426321234455,0.005123713294311277
2953,2025-04-19 01:00:00+00:00,57.19305,57.22493333333333,56.25841666666667,56.892133333333334,0.5490462156726358,0.009650652621088255
2954,2025-04-19 02:00:00+00:00,54.709983333333334,55.466750000000005,54.57523333333334,54.917322222222225,0.48056482691763,0.008750696637629757
2955,2025-04-19 03:00:00+00:00,54.54313333333334,55.15801666666666,53.79548333333333,54.49887777777778,0.6823438918604449,0.012520329219305033
2958,2025-04-19 06:00:00+00:00,51.5436,51.70981666666667,51.007083333333334,51.42016666666667,0.36726744380325593,0.007142478673476151
2961,2025-04-19 09:00:00+00:00,49.102516666666666,49.38988333333334,49.283183333333334,49.25852777777778,0.1452612219162194,0.0029489558147483197
2982,2025-04-20 06:00:00+00:00,40.17115,39.77953333333333,40.92061666666667,40.29043333333333,0.5798182289399947,0.014390965322785344
2983,2025-04-20 07:00:00+00:00,40.90853333333334,40.20773333333333,41.10745,40.74123888888889,0.4726130483026559,0.011600360253932995
2984,2025-04-20 08:00:00+00:00,45.87708333333333,45.73106666666667,45.46801666666667,45.692055555555555,0.2073048106943877,0.00453699900724169
2997,2025-04-20 21:00:00+00:00,54.49191666666666,53.50353333333333,54.286683333333336,54.09404444444444,0.5215915159749414,0.009642309450731221
2998,2025-04-20 22:00:00+00:00,54.424366666666664,53.825833333333335,53.60581666666667,53.95200555555556,0.4236101956638532,0.00785161165561589
3017,2025-04-21 17:00:00+00:00,52.77426666666667,52.27321666666667,53.55536666666667,52.86761666666666,0.6461523214382202,0.012222081534566755
3018,2025-04-21 18:00:00+00:00,52.034650000000006,50.86701666666667,51.5139,51.47185555555556,0.5849510250946311,0.011364482954442374
3019,2025-04-21 19:00:00+00:00,50.15846666666666,49.95376666666667,50.607949999999995,50.24006111111111,0.33463741336844655,0.006660768437927676
3055,2025-04-23 07:00:00+00:00,54.37416666666666,54.99241666666667,53.62195,54.32951111111111,0.6863237647733001,0.012632614406738841
3056,2025-04-23 08:00:00+00:00,52.9961,54.256616666666666,52.86985,53.37418888888889,0.7668075722568021,0.014366636537617368
3094,2025-04-24 22:00:00+00:00,57.48348333333333,56.269733333333335,57.192816666666666,56.98201111111111,0.6337400905062051,0.01112175716772183
3133,2025-04-26 13:00:00+00:00,39.47765,38.57131666666667,39.0539,39.03428888888889,0.4534848118041387,0.01161760146559819
3134,2025-04-26 14:00:00+00:00,41.04161666666666,40.79823333333333,40.97656666666667,40.938805555555554,0.1260090785236157,0.003077986199490273
3135,2025-04-26 15:00:00+00:00,39.98038333333333,39.74126666666667,39.3232,39.68161666666666,0.33262753235079096,0.00838240879006839
3163,2025-04-27 19:00:00+00:00,40.14028333333333,39.02751666666666,39.40821666666667,39.52533888888889,0.5655533792798109,0.01430862821618452
3215,2025-04-29 23:00:00+00:00,53.75728333333333,54.72736666666666,54.465466666666664,54.31670555555555,0.5018593623088389,0.009239502970141169
3216,2025-04-30 00:00:00+00:00,53.20236666666666,53.89791666666667,52.79375,53.2980111111111,0.5582623950789256,0.01047435698707609
3217,2025-04-30 01:00:00+00:00,54.07918333333334,54.64788333333333,53.6399,54.122322222222216,0.5053744382835078,0.009337634039583115
3218,2025-04-30 02:00:00+00:00,54.1961,54.445816666666666,53.68471666666667,54.108877777777785,0.3879743413384921,0.007170252965361463
3219,2025-04-30 03:00:00+00:00,52.80378333333333,53.25286666666667,52.55113333333334,52.86926111111111,0.3554193611985906,0.006722608822764405
3220,2025-04-30 04:00:00+00:00,51.69985,51.34361666666667,50.90681666666667,51.31676111111111,0.39719816539429026,0.007740125385822311
3221,2025-04-30 05:00:00+00:00,50.26436666666667,49.6313,49.938266666666664,49.94464444444444,0.3165815189617794,0.006338647966829087
3222,2025-04-30 06:00:00+00:00,49.40725,49.842483333333334,48.83193333333334,49.36055555555555,0.5068906232921248,0.010269143399766173
3223,2025-04-30 07:00:00+00:00,48.457649999999994,48.2891,47.51938333333333,48.08871111111111,0.5002028233997047,0.010401668330098592
3224,2025-04-30 08:00:00+00:00,46.37735,46.37453333333334,45.312149999999995,46.021344444444445,0.6141820197839816,0.013345590555821404
3225,2025-04-30 09:00:00+00:00,43.690733333333334,43.695283333333336,42.75466666666667,43.38022777777778,0.5417565905699011,0.012488560303213174
3229,2025-04-30 13:00:00+00:00,40.8365,41.0914,41.1202,41.01603333333333,0.15614583994885317,0.0038069463880105385
3239,2025-04-30 23:00:00+00:00,53.40893333333334,52.91441666666666,53.86483333333333,53.396061111111116,0.475339069137126,0.008902137334587275
3262,2025-05-01 22:00:00+00:00,49.596700000000006,48.78848333333334,49.5442,49.30979444444444,0.4522311559655347,0.009171223710434388
3265,2025-05-02 01:00:00+00:00,44.48151666666667,43.88016666666667,43.600233333333335,43.98730555555556,0.450304490913691,0.010237146495480624
3318,2025-05-04 06:00:00+00:00,37.00606666666667,36.7407,37.376666666666665,37.04114444444445,0.3194311164369378,0.00862368377726642
3319,2025-05-04 07:00:00+00:00,38.406616666666665,38.58175000000001,38.1246,38.370988888888895,0.2306480750776779,0.006011001586265262
3409,2025-05-08 01:00:00+00:00,51.23238333333333,51.32536666666667,51.88198333333333,51.47991111111111,0.35129478928882624,0.006823919888490346
3425,2025-05-08 17:00:00+00:00,49.776066666666665,49.73835,50.75941666666667,50.091277777777776,0.5789324812708058,0.011557550674573534
3429,2025-05-08 21:00:00+00:00,58.17261666666666,58.77676666666667,57.48551666666666,58.14496666666667,0.6460689069286676,0.011111347103051068
3477,2025-05-10 21:00:00+00:00,39.562149999999995,38.46876666666667,39.11293333333333,39.04794999999999,0.5495806616058359,0.014074507409629339
3478,2025-05-10 22:00:00+00:00,40.55406666666667,39.56596666666667,39.540483333333334,39.88683888888889,0.5779766696400038,0.014490410514858032
3502,2025-05-11 22:00:00+00:00,63.24301666666667,62.26765,63.102866666666664,62.87117777777778,0.5273469821066916,0.008387738241052736
3526,2025-05-12 22:00:00+00:00,59.54653333333333,59.432633333333335,60.86466666666667,59.94794444444444,0.795944738682933,0.01327726490139389
3527,2025-05-12 23:00:00+00:00,58.86525,58.50898333333334,58.12356666666666,58.499266666666664,0.3709371266730354,0.006340885071032835
3530,2025-05-13 02:00:00+00:00,56.1757,55.2762,55.927733333333336,55.79321111111111,0.46459362210829175,0.00832706368491791
3535,2025-05-13 07:00:00+00:00,42.970616666666665,43.44695,43.405033333333336,43.2742,0.2637449183291415,0.006094738165677043
3550,2025-05-13 22:00:00+00:00,53.14606666666667,52.90376666666667,53.21705,53.08896111111111,0.16426318848905952,0.0030941119406211266
3574,2025-05-14 22:00:00+00:00,50.87383333333333,51.259800000000006,51.232616666666665,51.122083333333336,0.21542000900050853,0.004213834706146401
3575,2025-05-14 23:00:00+00:00,49.686166666666665,50.018233333333335,49.920316666666665,49.87490555555555,0.17062735576992757,0.003421106343346678
3577,2025-05-15 01:00:00+00:00,45.76146666666667,45.70773333333333,44.6442,45.37113333333334,0.6301157600878692,0.013888032186864829
3651,2025-05-18 03:00:00+00:00,50.9543,51.09145,49.979683333333334,50.67514444444444,0.6061783140511768,0.011962044128275449
3667,2025-05-18 19:00:00+00:00,43.11335,42.8367,43.25805,43.06936666666667,0.21409076540881572,0.004970836164500888
3668,2025-05-18 20:00:00+00:00,42.60133333333333,42.27543333333333,41.95436666666667,42.27704444444445,0.3234863423758421,0.007651583657909911
3685,2025-05-19 13:00:00+00:00,32.4074,33.33898333333333,33.056583333333336,32.93432222222223,0.47767427312312083,0.014503844041484876
3690,2025-05-19 18:00:00+00:00,40.28581666666666,39.96175,40.33898333333333,40.19551666666667,0.20418573516395128,0.005079813673182073
3691,2025-05-19 19:00:00+00:00,39.8354,39.801950000000005,39.60511666666666,39.74748888888889,0.124427138801676,0.0031304402436466536
3692,2025-05-19 20:00:00+00:00,39.968916666666665,39.37835,39.1098,39.48568888888889,0.43950152393027786,0.011130653568360354
3710,2025-05-20 14:00:00+00:00,36.35808333333333,35.56361666666667,35.4128,35.778166666666664,0.5078522638961502,0.014194474206228666
3712,2025-05-20 16:00:00+00:00,39.074783333333336,38.13858333333334,38.318549999999995,38.510638888888884,0.49678085301863967,0.012899834106932233
3713,2025-05-20 17:00:00+00:00,39.321000000000005,39.02923333333333,39.77608333333333,39.37543888888889,0.376389326486011,0.009558987457844488
3714,2025-05-20 18:00:00+00:00,39.1627,38.97631666666667,38.42166666666667,38.85356111111111,0.385466334577474,0.009921003984039976
3751,2025-05-22 07:00:00+00:00,41.30815,40.6957,40.110866666666666,40.704905555555555,0.5986947483979277,0.014708171907703042
